fold,store_id,product_id,rows,actual_sales_total,baseline_wape,lightgbm_wape,baseline_bias,lightgbm_bias,extra_absolute_error
1,0,631,14,9.5,0.2682706766917293,0.23646395410284798,0.01959183673469389,0.0925324175685956,-0.3021638645943727
1,3,426,14,11.4,0.36466165413533835,0.3831783524525623,0.0704081632653061,0.07813277106607892,0.21109036081635324
1,18,634,14,11.4,0.37593984962406013,0.39072493287501414,0.1244897959183673,0.21179732228452516,0.16854994906087573
1,20,588,14,8.0,0.3678571428571429,0.3187902230537286,0.024489795918367366,0.10967319266521094,-0.39253535842731413
1,29,858,14,4.0,0.4785714285714286,0.6611063404600007,-0.04285714285714285,0.11282822415313754,0.7301396475542885
1,39,393,14,7.199999999999999,0.4047619047619048,0.4021886367525077,-0.014285714285714303,-0.10985493588858687,-0.018527529667659248
1,40,87,14,5.41,0.4919461315025085,0.5184954747081052,0.02051020408163265,0.06445046126843236,0.14363194674227842
1,41,775,14,32.2,0.274622892635315,0.3090880574018621,-0.16428571428571428,-0.29875353378859476,1.109778305482818
1,42,272,14,21.3,0.25754527162977864,0.40557730763818817,-0.2714285714285714,-0.5888286682849095,3.153082366979123
1,45,350,14,9.909999999999998,0.3600980250828889,0.3243682207322566,0.034897959183673444,-0.08042799791245503,-0.35408236111476654
1,49,740,14,7.3999999999999995,0.38610038610038605,0.34223751675082037,0.02244897959183673,-0.05430948831559578,-0.3245852331867862
1,56,600,14,8.3,0.3528399311531842,0.31042492478191464,-0.03571428571428571,-0.033678261542253174,-0.35204455288153724
1,60,379,14,21.5,0.29169435215946854,0.3921689225471975,-0.17857142857142858,-0.5472903000571976,2.1602032633361725
1,62,129,14,14.299999999999999,0.7792207792207794,0.7252651173917355,0.14489795918367346,0.17929548656073274,-0.771565964155327
1,72,393,14,5.299999999999999,0.34636118598382754,0.4212728164207093,0.04765306122448978,0.12665579353310052,0.3970316413154731
1,72,580,14,33.5,0.2375266524520256,0.11777926451015798,-0.019387755102040716,-0.18565510619028355,-4.011537496052565
1,75,434,14,8.0,0.31035714285714283,0.27405130777164444,0.031224489795918357,0.10880821777342788,-0.29044668068398716
1,81,194,14,5.68,0.3395372233400402,0.3213059029498617,-0.021428571428571404,-0.07184676543277459,-0.10355389981621399
1,81,686,14,5.4,0.48412698412698413,0.3946268640119053,-0.013265306122448972,-0.0027672707221879445,-0.48330064862142574
1,84,768,14,7.599999999999999,1.1879699248120303,0.8975805095779587,0.06530612244897968,-0.005711742085274569,-2.206959555778944
1,88,467,14,8.5,0.7546218487394958,0.8141883031210561,0.0030612244897959035,0.04908533733381563,0.5063148622432632
1,91,108,14,10.0,0.34,0.2822716178654209,0.03673469387755102,-0.05281454370458843,-0.5772838213457918
1,95,12,14,5.87,0.39936724263811146,0.42922637079611037,0.04316326530612243,0.09123759708450409,0.17527308228745353
1,100,193,14,9.000000000000002,0.29999999999999993,0.2650977437265071,0.03775510204081635,0.06287861503667157,-0.3141203064614362
1,104,118,14,12.0,0.3499999999999999,0.5017180915663945,0.07755102040816328,0.385397460996428,1.8206170987967347
1,110,666,14,9.5,0.43458646616541347,0.37174212527264594,0.025510204081632664,-0.007469553236015479,-0.5970212384812918
1,113,834,14,30.2,0.3192999053926207,0.4529883216720048,0.10714285714285718,-0.7118208231640059,4.0373901716374
1,116,607,14,6.1,0.693208430913349,0.6808269977903497,-0.22448979591836737,-0.17601151586011696,-0.07552674205029586
1,124,222,14,7.3,0.22700587084148724,0.20205598975666295,-0.00408163265306123,-0.03950181749166241,-0.18213413191921735
1,124,515,14,14.100000000000003,0.3171225937183384,0.27404065599253985,0.16224489795918373,0.05316834420437265,-0.60745532193376
1,124,683,14,12.799999999999999,0.5044642857142858,0.5908853333268953,0.012244897959183678,-0.19667078503588734,1.1061894094414013
1,126,144,14,5.639999999999999,0.3746200607902736,0.304597017024942,0.031734693877551026,0.03888382571675853,-0.39492996683646986
1,126,783,14,10.099999999999998,0.35360678925035377,0.33731843317849314,-0.010204081632653085,0.1430073655763878,-0.16451239632579195
1,131,94,14,5.9,0.39951573849878935,0.3424101318371664,0.0153061224489796,0.03400305912947329,-0.33692307930357535
1,146,258,14,4.8,0.49404761904761907,0.4981633225589542,-0.010204081632653045,0.0529869572546824,0.019755376854408535
1,146,740,14,12.799999999999999,0.28906250000000006,0.299346101702325,-0.04999999999999999,-0.20157254474314665,0.13163010178975965
1,149,250,14,6.249999999999999,0.6365714285714286,0.7113382516889963,0.15561224489795925,0.3175617195040162,0.467292644484798
1,158,19,14,17.24,0.2757706330792178,0.26607653598809367,-0.09183673469387756,-0.06337496625243091,-0.16712623385098002
1,162,104,14,30.900000000000002,0.16319926028663892,0.18685789683072884,-0.2438775510204081,-0.29748031212713455,0.7310518692123793
1,165,117,14,29.299999999999994,0.24427108727450034,0.36595454248165754,0.15816326530612254,0.28007163788183004,3.5653252375697058
1,170,650,14,4.5,0.6044444444444443,0.7253804710044831,0.01061224489795916,0.14866555786120936,0.5442121195201741
1,171,79,14,5.4,0.208994708994709,0.24528178707488796,-0.009183673469387758,0.05493230648847839,0.19595022163296627
1,173,806,14,7.6000000000000005,0.37406015037593976,0.3305674524173401,-0.029591836734693865,0.06253555141411571,-0.33054450448535766
1,174,207,14,14.3,0.3046953046953047,0.3193973576602415,-0.03979591836734688,-0.08671215578909511,0.21023935739859656
1,175,631,14,5.460000000000001,0.4003139717425431,0.5878344893332503,0.09489795918367346,0.201477508869948,1.0238620260452618
1,181,41,14,15.419999999999998,0.2673707615341857,0.42345372985913565,0.10346938775510203,0.30998737769537954,2.4067993715707283
1,182,127,14,19.999999999999996,0.2950000000000001,0.28537838577572033,-0.011224489795918375,-0.0684370663710272,-0.19243228448559435
1,188,41,14,12.41,0.6415333256590308,0.6423578451465808,0.07459183673469381,0.3268290365628239,0.010232286840496485
1,188,300,14,111.2,0.17574511819116137,0.28139152545769447,-0.49591836734693884,-2.0925765993359104,11.74788048803848
1,188,757,14,11.65,0.34702636419374616,0.3177324987846161,-0.07959183673469385,-0.1206782174535621,-0.34127353201636446
1,190,596,14,18.700000000000003,0.38808250572956454,0.36718166473094344,-0.17346938775510207,-0.25212671015245286,-0.3908457266742147
1,196,11,14,12.6,0.2664399092970522,0.24300398420602992,0.05000000000000001,0.021905908572145732,-0.2952926561468807
1,198,313,14,8.98,0.1794463888005091,0.19436347320608052,-0.02408163265306126,-0.10364021083952693,0.13395541796203148
1,200,379,14,18.900000000000002,0.346938775510204,0.41218701306808225,-0.16224489795918365,-0.5246024728732052,1.2331916898438982
1,201,6,14,12.499999999999998,0.4308571428571429,0.4674023363676239,-0.1173469387755102,-0.20572993697294642,0.45681491888101267
1,204,77,14,8.8,0.2516233766233765,0.2626384928860374,0.01734693877551013,0.06313518292289243,0.09693302311141583
1,207,122,14,12.599999999999998,0.4170068027210886,0.35861657640338535,-0.059387755102040855,-0.2680850317137114,-0.735716851603061
1,209,363,14,14.2,0.3098591549295775,0.26466823016970925,-0.03673469387755096,-0.022511395963346194,-0.6417111315901289
1,209,769,14,13.300000000000002,0.21804511278195485,0.20169267826259005,0.05612244897959181,0.04688104221915368,-0.21748737910755178
1,210,600,14,4.4,0.4512987012987012,0.42921455573780165,0.03775510204081633,0.02148278610548115,-0.09717024046795819
1,218,363,14,11.500000000000002,0.17515527950310555,0.1832427947691587,0.05204081632653057,0.07689799565205933,0.09300642555961103
1,221,644,14,12.5,0.4685714285714285,0.4686554361200116,-0.038775510204081605,-0.18897621940847426,0.0010500943572884225
1,226,644,14,7.8999999999999995,0.38155515370705245,0.49842723998860755,-0.14183673469387756,-0.2184995791088074,0.9232894816242854
1,227,580,14,13.299999999999999,0.3190118152524168,0.33143842408335006,0.08673469387755103,0.25559381214525884,0.16527389745141274
1,228,215,14,41.35,0.218863361547763,0.22302284121368995,-0.41683673469387766,-0.30207497250053544,0.17199448418607943
1,230,650,14,4.699999999999999,0.5045592705167175,0.4808179732623227,-0.06122448979591837,0.04587839060960033,-0.11158409709565564
1,232,578,14,5.800000000000001,0.3374384236453201,0.32603474322145465,-0.013265306122448988,-0.007446363656987321,-0.06614134645841951
1,235,9,14,7.199999999999999,0.32341269841269843,0.2937197966021748,-0.08469387755102036,-0.039727519698112265,-0.21378889303576987
1,236,858,14,4.17,0.40219253168893454,0.40353072287616354,-0.02755102040816321,0.06453774320572303,0.005580257250744847
1,241,93,14,8.499999999999998,0.3445378151260504,0.30914165092100804,0.033673469387755096,-0.020400474288746362,-0.30086739574286003
1,241,292,14,27.150000000000002,0.36885030255195994,0.2460904743265286,-0.055102040816326525,-0.048331535997146347,-3.3329293363204604
1,241,715,14,9.100000000000001,0.38304552590266877,0.3901206490052981,0.030612244897959186,0.13419181294747845,0.06438362023392674
1,242,136,14,10.899999999999999,0.24377457404980343,0.3427964650641748,-0.09591836734693882,-0.20695264599178056,1.0793386120566484
1,242,486,14,32.3,0.2609464838567006,0.38606048228326595,0.11836734693877544,0.4799240019127602,4.041182149178061
1,247,306,14,7.77,0.31237359808788384,0.2358275594479931,-0.00540816326530612,-0.021993540671116415,-0.5947627202319512
1,250,494,14,23.900000000000002,0.3652121936640764,0.33226728855993254,0.09081632653061224,-0.2622979778895704,-0.7873832319890388
1,253,71,14,24.299999999999997,0.22927689594356263,0.35722101143854884,-0.030612244897959186,-0.5184440880105131,3.109042006528165
1,263,285,14,8.0,0.2851785714285714,0.22748354997347625,0.00989795918367344,0.015211216023138269,-0.46156017164076113
1,285,822,14,7.870000000000002,0.34815756035578127,0.33294570435516824,0.0108163265306122,-0.11696516549659289,-0.11971730672482472
1,300,190,14,18.6,0.28725038402457753,0.27469363241677275,-0.07142857142857147,0.01040529623339773,-0.23355557990516917
1,300,635,14,13.939999999999998,0.4556261529001846,0.3214508665563783,0.24591836734693892,0.1825636153897856,-1.8704034916326595
1,300,853,14,15.7,0.21201091901728847,0.19980909168171737,0.0030612244897958996,-0.024990265592055954,-0.19156868916846603
1,304,70,14,41.8,0.2891319207108681,0.27885219104128217,-0.23877551020408166,-0.12900484402664894,-0.4296927001886921
1,309,38,14,18.200000000000003,0.9042386185243326,0.6993382252192062,0.14897959183673468,-0.5914952011364455,-3.7291871581533016
1,312,666,14,54.599999999999994,0.2310308738880168,0.24013157001918067,-0.1479591836734694,0.08078731437464144,0.49689800876154777
1,328,292,14,12.600000000000001,0.3251700680272108,0.34018098376385136,0.05897959183673472,0.08111456893484785,0.18913753828167046
1,334,290,14,14.910000000000002,0.26779725974897,0.25324505145755905,-0.08397959183673469,-0.13900416737139973,-0.21697342562493782
1,345,317,14,22.900000000000002,0.2077354959451029,0.19937882079713432,-0.005102040816326615,-0.1757944014844489,-0.191367860888481
1,359,90,14,3.1600000000000006,1.2287522603978298,2.791732896708645,0.12142857142857147,0.620829338413433,4.939018810742178
1,366,387,14,12.5,0.36800000000000005,0.4315820853204454,-0.05306122448979588,-0.22822310451854108,0.794776066505567
1,370,796,14,15.469999999999999,0.2184873949579832,0.21100107109395191,0.019387755102040796,0.12712076912360565,-0.11581343017656387
1,383,822,14,12.36,0.41169671752196035,0.5034623615701432,-0.2593877551020408,-0.38940752448249205,1.1342233604355396
1,384,699,14,14.0,0.24387755102040817,0.3739764872434153,-0.1357142857142857,-0.35789872387701804,1.8213851071220999
1,389,115,14,5.7,1.1604010025062657,0.9481773543230677,-0.02959183673469386,0.008095813708607664,-1.2096747946442283
1,391,76,14,15.9,0.2605570530098831,0.29480038813475073,-0.10612244897959187,-0.24719046045820034,0.5444690284853957
1,393,286,14,10.239999999999998,0.6314174107142859,0.5994659788073358,-0.04428571428571433,-0.00499479851963347,-0.32718266272716967
1,405,19,14,19.8,0.3073593073593073,0.2106738792965714,0.08571428571428573,0.1448842387565592,-1.914371475642171
1,405,486,14,37.800000000000004,0.1885865457294028,0.2363453244111614,-0.0316326530612246,0.3186242206998728,1.8052818341704748
1,409,759,14,30.200000000000003,0.19347209082308417,0.15169397471595752,-0.021428571428571415,0.02270409043542278,-1.2616991064352252
1,417,296,14,14.900000000000002,0.17929050814956854,0.22952668819272104,-0.039795918367346965,-0.1860929478374895,0.7485190826429724
1,418,694,14,19.700000000000003,0.6316171138506164,0.48327025052575573,-0.07244897959183662,-0.2223451886915657,-2.922433207499756
1,419,130,14,8.35,0.4234388366124893,0.35001736881995976,0.06173469387755102,0.07204165180393943,-0.6130692560676216
1,422,689,14,5.4,0.44708994708994704,0.3914140651129553,-0.007142857142857165,-0.04297092420799514,-0.3006497626757554
1,424,99,14,7.8999999999999995,0.3996383363471971,0.40519164470292107,-0.007959183673469403,-0.08193167559817494,0.04387113601021975
1,424,857,14,18.8,0.6375379939209725,0.686470711703947,-0.1051020408163266,-0.8600219191850844,0.9199350943199196
1,427,763,14,12.86,0.4741168629193513,0.5052140429216239,-0.10816326530612244,-0.23841016095520523,0.3999097348292251
1,429,737,14,9.35,0.2994652406417112,0.3148213731162246,0.07142857142857138,0.12061196240182194,0.14357983863669999
1,432,71,14,12.399999999999999,0.2672811059907835,0.2886779912518491,-0.04081632653061227,-0.14570069719435536,0.26532137723721405
1,434,829,14,7.569999999999999,0.47046612568409135,0.47965347743310466,0.05642857142857145,-0.031108470702392806,0.0695482527400304
1,438,666,14,12.1,0.3482880755608029,0.34536886583505033,0.027551020408163256,0.12365366858389681,-0.03532243768160548
1,441,644,14,11.3,0.4778761061946903,0.47754370810275704,-0.10204081632653057,-0.2505802693614021,-0.003756098438845612
1,442,90,14,2.7700000000000005,2.3001547189272817,5.47972175857905,0.31020408163265323,1.0842020908045693,8.8074006998354
1,444,386,14,14.200000000000001,0.3279678068410463,0.35676118021308956,0.11224489795918366,0.3023480984240231,0.4088659018830141
1,446,631,14,7.670000000000001,0.4719687092568448,0.39624695706781304,0.0457142857142857,0.13205992484602933,-0.5807858392898737
1,447,655,14,4.99,0.5084454623532779,0.5322294456862707,0.02959183673469388,0.14729654911555712,0.11868207683163412
1,454,656,14,8.77,0.46962045935820174,0.5726460303638112,0.17785714285714288,0.2328747855647681,0.9035342577191949
1,455,104,14,26.200000000000003,0.29443838604143946,0.2591542691157339,-0.08367346938775513,-0.2879143415271134,-0.9244438634534866
1,457,369,14,9.47,0.27470206667672353,0.2598358770563292,0.01642857142857144,-0.04894584775338969,-0.1407828157051343
1,465,150,14,6.8,0.31512605042016806,0.3114992145325993,-0.09387755102040815,-0.12120902045083717,-0.024662484035467447
1,467,122,14,15.99,0.2539086929330831,0.36147528709387017,-0.042857142857142864,-0.26241882707910497,1.7199898406309853
1,467,783,14,13.599999999999996,0.36029411764705893,0.329700453588886,-0.10510204081632653,-0.02230088080868598,-0.41607383119115227
1,470,117,14,38.9,0.1894968784428939,0.32561660267929277,0.07346938775510206,0.20168036041375076,5.295057272795916
1,481,58,14,12.88,0.4180346051464064,0.37839505368102766,-0.019693877551020398,-0.017964908015727143,-0.5105574228740775
1,482,515,14,14.1,0.27963525835866265,0.25572457610526583,0.05102040816326529,0.033327294419572676,-0.337140619772895
1,487,422,14,10.399999999999999,0.7376373626373627,0.5878993252774596,0.1969387755102039,0.23409446256484318,-1.5572755885429919
1,489,769,14,15.3,0.23342670401493934,0.2024657694927432,-0.012244897959183598,-0.009063004037289355,-0.47370229818960086
1,490,554,14,12.969999999999999,0.36611961669787413,0.4077271366241624,0.01714285714285727,0.22200107566457916,0.5396495334439582
1,493,122,14,13.57,0.313085587956627,0.28167275152107296,0.08408163265306125,0.0005527816146781281,-0.42627219043046827
1,497,226,14,12.38,0.12693284098776828,0.10892496494523998,0.00673469387755103,-0.042986008171639375,-0.22293750540650015
1,498,635,14,4.36,0.6841415465268675,1.0112880579134695,0.12040816326530614,0.2970376745926681,1.4263587896455845
1,500,93,14,5.5,0.28571428571428564,0.20690605862089181,-0.024489795918367342,0.03596893696225412,-0.4334452490136662
1,500,108,14,7.700000000000001,0.4500927643784785,0.35541199321405575,-0.03163265306122449,-0.025204485058366016,-0.7290419379660551
1,508,215,14,36.5,0.2426614481409002,0.2490220502426545,-0.4110204081632654,-0.39414870828055243,0.23216197671403194
1,510,600,14,10.3,0.27739251040221913,0.2626024998440096,-0.10816326530612244,-0.13130096866417482,-0.15233710874955841
1,511,296,14,11.7,0.2670329670329671,0.276236909212922,-0.08499999999999996,-0.16963405564712847,0.10768612350547269
1,511,310,14,13.3,0.2835660580021482,0.3874255148894894,-0.12448979591836737,-0.3078333663767937,1.3813307766016383
1,514,740,14,11.999999999999998,0.2607142857142858,0.2070820806604922,-0.0030612244897959473,-0.08134242653196726,-0.643586460645523
1,517,719,14,6.3,0.5079365079365079,0.4931129341469503,0.008163265306122472,0.06623286156280822,-0.09338851487421307
1,522,310,14,8.28,0.28743961352657005,0.29315156930603886,-0.034081632653061224,-0.028571936279942815,0.04729499385400171
1,522,631,14,8.75,0.3151020408163266,0.3256083821488293,-0.005102040816326521,0.08589260514733289,0.09193048665939907
1,526,67,14,4.8,0.5208333333333334,0.7854449158598457,0.05734693877551019,0.24861916581389606,1.270135596127259
1,538,191,14,26.4,0.44101731601731603,0.4804832377622301,0.10918367346938791,-0.2172648524968206,1.0419003340657316
1,542,740,14,9.3,0.24270353302611364,0.2440933829906355,1.1895246692412391e-17,0.000421897033307619,0.012925604670053215
1,545,757,14,3.4,1.5588235294117647,1.5825884469240419,0.11530612244897956,0.21054574257827663,0.08080071954174262
1,546,387,14,8.2,0.5871080139372822,0.5542537612485691,-0.03571428571428571,-0.2074705777598942,-0.26940487204744734
1,549,824,14,7.799999999999999,0.3131868131868132,0.3403078641469457,0.029591836734693906,-0.07128058965895877,0.21154419748903353
1,554,345,14,9.770000000000001,0.3313349904956865,0.29057331074401316,-0.021224489795918376,0.04183069870430164,-0.3982416111738485
1,571,670,14,5.0,0.3342857142857143,0.4244576645880052,-0.0030612244897959056,-0.06457224122500499,0.4508597515114545
1,598,600,14,3.7999999999999994,0.9699248120300753,0.8909283439164323,0.026530612244897927,0.14377762796424345,-0.3001865788318434
1,605,290,14,20.270000000000003,0.25167383184156733,0.2509014441795745,-0.0029591836734693677,-0.04113097623843941,-0.015656297908594574
1,606,190,14,11.2,0.3290816326530612,0.25182394549383935,0.01836734693877549,-0.015731657111308202,-0.8652860961832847
1,610,775,14,10.68,0.409844836811129,0.31564154121899946,-0.004081632653061226,0.02263727729452126,-1.006091196923943
1,611,343,14,5.54,0.6276431150077358,0.6308800216638147,0.0659183673469388,0.04261408672286212,0.01793246287467687
1,625,810,14,14.2,0.5674044265593562,0.5418527286971233,-0.08775510204081634,-0.2351795677935418,-0.3628341096437069
1,648,629,14,18.599999999999998,0.3671274961597542,0.41383126434908446,-0.02040816326530612,-0.23509513116272468,0.8686900883215429
1,650,666,14,18.900000000000002,0.22600151171579744,0.26095214702370056,0.08265306122449001,0.16380379512382454,0.6605670073193686
1,654,115,14,4.4,0.7467532467532466,0.7847519623648344,0.024489795918367342,0.05140404575525331,0.1671943486909857
1,654,634,14,6.000000000000001,0.2999999999999999,0.27337022631424274,1.9825411154020653e-17,-0.0012443076010158244,-0.15977864211454285
1,656,381,14,12.3,0.47967479674796754,0.47585098946603344,-0.023469387755101965,0.14087041419923366,-0.047032829567789314
1,662,503,14,17.099999999999998,0.38178780284043445,0.32375958393533283,-0.013265306122448963,-0.31145029279257336,-0.9922825432772377
1,662,864,14,14.7,1.0505344995140913,0.8263296075817305,-0.17448979591836727,-0.24390790766357462,-3.2958119114057034
1,667,4,14,71.4,0.42296918767506997,0.3081837272373422,0.5734693877551021,-0.289644423054819,-8.195681875253761
1,669,381,14,13.100000000000001,0.4983642311886587,0.5951254278371331,-0.013265306122449003,0.3125847276136386,1.267571676095014
1,674,45,14,3.8,0.7781954887218046,0.7883844246833217,0.037755102040816335,0.15149774836109256,0.038717956653765206
1,677,45,14,6.5,0.567032967032967,0.5192308493577221,0.046938775510204096,0.07479047469478647,-0.3107137648890923
1,684,215,14,22.0,0.20584415584415583,0.26034867984973586,0.02959183673469379,-0.3397343625418459,1.19909952812276
1,691,580,14,22.299999999999997,0.3523382447149264,0.25554277963238414,0.0612244897959184,-0.11832924907420052,-2.158538871340692
1,695,207,14,4.9,0.49854227405247814,0.48018558216806945,-0.02959183673469388,-0.02975969021685498,-0.08994779023360255
1,699,74,14,8.040000000000001,0.3452380952380953,0.26740832945727294,0.004999999999999997,0.0372311336541193,-0.6257513168778117
1,700,447,14,14.080000000000002,0.3218344155844155,0.27726307310399056,0.06571428571428575,0.07178466532211594,-0.6275645021243834
1,701,309,14,39.4,0.5844815083393762,0.6015920695675702,0.10204081632653061,0.0014632925107732778,0.6741561123908433
1,707,631,14,9.899999999999999,0.28860028860028863,0.3168532904751028,0.05714285714285714,0.15095752087887174,0.27970471856066004
1,721,177,14,6.7,0.3134328358208955,0.32384270117992964,-0.00714285714285713,-0.11814876384831681,0.06974609790552888
1,721,205,14,9.700000000000001,0.4815905743740794,0.4424641559843208,-0.05408163265306122,-0.21500648057290017,-0.37952625838065845
1,736,467,14,22.7,0.5160478288231592,0.5463802144996215,-0.2551020408163266,-0.7938533588838721,0.688545154855694
1,736,596,14,25.099999999999998,0.3118952760387024,0.3845178852545036,-0.24489795918367344,-0.5705965009960288,1.8228274913166116
1,741,116,14,13.700000000000001,0.28467153284671526,0.32535821315062546,0.09489795918367347,0.22136263555848343,0.5574075201635695
1,751,4,14,20.700000000000006,0.5583160800552104,0.46743185431065865,-0.0479591836734694,-0.4042080201505999,-1.8813034729122222
1,756,256,14,7.660000000000001,0.3274897426333456,0.38357576906308355,-0.08775510204081631,-0.12908035116392552,0.42961896245179254
1,772,122,14,28.300000000000004,0.27889954568399794,0.2833377907974756,-0.138265306122449,-0.4327682907938262,0.12560233671141852
1,781,150,14,7.999999999999999,0.35178571428571426,0.41337701697108914,-0.08469387755102042,-0.12478594629035734,0.49273042148299906
1,787,639,14,7.9,0.3345388788426764,0.35000635355054105,-0.03367346938775512,-0.15939265971291852,0.12219305019213067
1,792,339,14,10.600000000000001,0.3342318059299191,0.46305936355259203,-0.10816326530612244,-0.34887625548004164,1.3655721108003336
1,797,402,14,10.3,0.3467406380027739,0.33249459563478395,-0.05510204081632654,-0.11623834936882797,-0.14673423639029615
1,798,309,14,15.9,0.8778077268643306,0.8034576596576717,-0.2091836734693878,-0.04063167019956534,-1.182166068585877
1,806,6,14,15.7,0.32393084622383983,0.45783572240788395,-0.21428571428571425,-0.41487420257820057,2.1023065560894922
1,815,793,14,6.9,0.4285714285714285,0.3505764067132366,0.03775510204081632,0.07415308407172376,-0.5381656508215245
1,817,254,14,16.01,0.3620058891764076,0.4194837755071448,0.1460204081632653,0.36766004952919623,0.9202209601551026
1,851,806,14,4.5,0.5301587301587303,0.5750192582407929,0.031632653061224494,0.1134529408759081,0.20187237636928224
1,861,50,14,10.1,0.6859971711456859,0.6712688356562028,0.10102040816326532,0.08151675918457303,-0.14875618844378025
1,869,740,14,12.5,0.44799999999999995,0.40134271123114124,0.06530612244897957,-0.055181998141084605,-0.583216109610734
1,870,672,14,5.799999999999999,0.4059113300492612,0.4341181118907,-0.035102040816326535,-0.08755682481622382,0.16359933468034482
1,872,19,14,23.56,0.3513218530196459,0.3360272688759228,0.13571428571428573,0.3707326857797109,-0.3603404024261163
1,877,207,14,12.1,0.24675324675324675,0.2179291117036639,-0.09489795918367351,-0.1501204524083783,-0.3487720340999525
1,881,763,14,10.469999999999999,0.1953881839268659,0.17134040096435801,0.03632653061224491,-0.09517028861722017,-0.2517802876174575
1,882,215,14,51.4,0.22206781545302945,0.19877886624589788,-0.30306122448979583,-0.22561127486641055,-1.197051989246562
1,883,207,14,11.5,0.3652173913043478,0.35338274701125827,-0.09795918367346937,-0.176755913454933,-0.13609840937052997
1,885,58,14,7.73,0.21179079652559604,0.1621984061754713,-0.057551020408163255,0.03182296005130347,-0.38334917740646435
1,890,783,14,15.0,0.44571428571428573,0.3912555589900453,-0.10612244897959186,-0.009974557911373924,-0.8168809008636062
1,894,683,14,6.500000000000001,0.4703296703296702,0.5119244067321715,0.06122448979591831,0.0980454685739326,0.27036578661625876
2,0,631,14,7.37,0.4369063772048846,0.47087836881866735,0.04673469387755103,0.11908735366824096,0.2503735781935785
2,3,426,14,11.499999999999998,0.3167701863354037,0.30286728706358185,0.03163265306122446,0.07124582917358996,-0.15988334162595175
2,18,634,14,10.8,0.31746031746031744,0.3478564665189012,-0.010204081632653048,0.09753095334550703,0.32827840983270384
2,20,588,14,7.500000000000002,0.41333333333333333,0.4131176845446922,0.03775510204081632,0.06771049166275316,-0.001617365914808211
2,29,858,14,14.2,0.7122736418511066,0.7522409726785393,-0.4163265306122449,-0.5252143928075854,0.567536097749544
2,39,393,14,6.6899999999999995,0.3634422378816998,0.3433148915386557,-0.0030612244897959234,-0.020121657877213407,-0.13465194703496497
2,40,87,14,6.5,0.32527472527472523,0.32579845214046055,-0.03673469387755102,-0.03751831460157876,0.0034042246272796284
2,41,775,14,33.0,0.3121212121212121,0.29937214565066395,0.03775510204081646,-0.07454205795046434,-0.42071919352808784
2,42,272,14,21.17,0.24164923409136926,0.22526536320822435,0.047040816326530614,-0.20974189357531975,-0.3468465465961774
2,45,350,14,8.319999999999999,0.3866758241758242,0.38487608491453346,0.02857142857142855,0.017677157066891876,-0.014973830653938869
2,49,740,14,8.9,0.37078651685393255,0.3217090878075801,-0.031632653061224474,-0.10846460915849497,-0.43678911851253677
2,56,600,14,9.7,0.42415316642120765,0.3529512960522512,-0.014285714285714263,-0.03479102416334402,-0.6906581425788776
2,60,379,14,26.400000000000002,0.3214285714285714,0.24958481254044315,0.0693877551020409,-0.10615435123100302,-1.8966752346465858
2,62,129,14,9.799999999999999,0.696793002915452,0.6530523737383699,-0.12244897959183672,0.09293622559647799,-0.4286581659354036
2,72,393,14,5.7700000000000005,0.41148799207724684,0.3812801442617332,-0.018163265306122445,0.0156512589123585,-0.17429928189551402
2,72,580,14,35.6,0.3386837881219903,0.2688562639694786,-0.20816326530612247,-0.15100479298078343,-2.485859859829416
2,75,434,14,7.5,0.30666666666666664,0.25970447493789045,-0.01326530612244898,0.0303256766111145,-0.35221643796582147
2,81,194,14,10.640000000000002,0.3566058002148227,0.41004852866369706,-0.09367346938775509,-0.2585339048917727,0.5686306306960232
2,81,686,14,10.4,0.33928571428571436,0.38936898368119777,-0.13979591836734698,-0.25831064607963355,0.5208660017130278
2,84,768,14,9.799999999999999,0.8309037900874637,0.6804791299606101,-0.038775510204081556,-0.07060881749153462,-1.4741616692431663
2,88,467,14,12.7,0.5838020247469067,0.6520174247786538,-0.08061224489795916,-0.202256105839372,0.8663355804031889
2,91,108,14,3.7699999999999996,0.8950359984842746,1.3422515218057633,0.15816326530612249,0.3364836332830635,1.6860025229220121
2,95,12,14,6.499999999999999,0.4630769230769231,0.45487748212392326,-0.08908163265306124,0.007553354298751651,-0.05329636619449918
2,100,193,14,7.3,0.27592954990215257,0.26149990864502787,0.015306122448979581,0.07758947060457803,-0.10533638117701027
2,104,118,14,12.7,0.24296962879640044,0.2527508160997137,0.02448979591836734,0.09794461126581082,0.124221078752079
2,110,666,14,9.2,0.3447204968944101,0.34837998952618043,0.07551020408163266,0.03472738598111481,0.03366733221228735
2,113,834,14,29.7,0.43290043290043295,0.3320256545823133,-0.34489795918367344,-0.1476458881401135,-2.9959809160481523
2,116,607,14,5.3999999999999995,0.7153439153439154,0.6664855281114235,0.15959183673469385,0.06431604729234651,-0.26383529105545644
2,124,222,14,6.7,0.3262260127931769,0.3530905287162069,0.06632653061224487,0.06451819771709327,0.17999225668430086
2,124,515,14,11.899999999999999,0.3049219687875151,0.31638927432328273,-0.051020408163265356,0.09254571234570262,0.13646093587563524
2,124,683,14,11.3,0.3716814159292036,0.34630105679132,0.010204081632653048,-0.01021109912802817,-0.2867980582580847
2,126,144,14,8.42,0.3249066847641669,0.3469408881485642,-0.11438775510204081,-0.1352371870912735,0.18552799249662533
2,126,783,14,13.9,0.32682425488180883,0.36356548629830926,-0.12244897959183675,-0.16686423347385318,0.5107031166893563
2,131,94,14,7.1000000000000005,0.40845070422535207,0.40454228859734626,-0.04591836734693877,-0.058001628689490256,-0.027749750958841357
2,146,258,14,5.7,0.3834586466165413,0.34856625622309145,-0.0030612244897959234,-0.0255259379255871,-0.1988866252426642
2,146,740,14,9.799999999999999,0.3571428571428571,0.2808138543418921,0.043877551020408176,0.015987134169576898,-0.7480242274494566
2,149,250,14,6.4700000000000015,0.47339368514020735,0.44861822792984724,0.04081632653061223,0.0712039083143904,-0.1602972081510301
2,158,19,14,12.6,0.37755102040816335,0.460801554597729,0.08265306122448986,0.24473176440379665,1.048956730788527
2,162,104,14,33.39999999999999,0.1890504704875963,0.1608155821965319,-0.044897959183673376,0.00015795521195827167,-0.9430452689215514
2,165,117,14,20.599999999999998,0.3245492371705964,0.32466444301444913,0.12857142857142856,0.2199312331369034,0.002373240383366948
2,170,650,14,5.8999999999999995,0.5496368038740921,0.48924644976867465,0.017346938775510218,-0.0008027214362553159,-0.35630308922196274
2,171,79,14,5.000000000000001,0.35714285714285715,0.3484118531427587,0.027551020408163263,0.06209157555645863,-0.04365502000049215
2,173,806,14,6.899999999999999,0.4244306418219463,0.42024207105842626,0.005102040816326544,0.02540786300325213,-0.028901138268288218
2,174,207,14,13.500000000000002,0.2719576719576719,0.23346280292264768,0.04183673469387754,0.025802838013083047,-0.5196807319728274
2,175,631,14,5.05,0.45148514851485144,0.4626892427699496,-0.01122448979591836,0.09002592145919622,0.05658067598824568
2,181,41,14,15.51,0.4061895551257254,0.47714531096682056,-0.12795918367346942,0.031303100739419984,1.1005237730953858
2,182,127,14,20.8,0.25000000000000006,0.2467578321121138,0.03265306122448978,-0.018457417700795342,-0.06743709206803405
2,188,41,14,11.299999999999999,0.6150442477876108,0.6084746208753908,0.0580612244897959,0.24325897591103526,-0.0742367841080851
2,188,300,14,113.66,0.13903622332269178,0.12956697087676405,0.08265306122449001,-0.4673364036210737,-1.076275233004143
2,188,757,14,6.97,0.617339618774339,0.6600849284414669,0.10816326530612244,0.21765189919546282,0.29793480837988184
2,190,596,14,16.300000000000004,0.3041191936897457,0.3283724932002097,0.15612244897959185,0.039620867311364986,0.3953287820205631
2,196,11,14,14.2,0.28470824949698187,0.25534092563613436,0.0010204081632652709,-0.11056730948321745,-0.4170159988240352
2,198,313,14,5.64,0.32117527862208706,0.372521895310247,0.0679591836734694,0.15007310639641377,0.28959491812122184
2,200,379,14,17.799999999999997,0.29855537720706266,0.2786198086616341,0.08163265306122448,0.02397808317593292,-0.35485312010862824
2,201,6,14,17.099999999999998,0.21136173767752717,0.2720084774924572,-0.017346938775510197,-0.28230177018949804,1.0370592508353038
2,204,77,14,8.6,0.4368770764119602,0.4187610700226851,-0.005102040816326576,0.003816655562869261,-0.15579765494776598
2,207,122,14,11.88,0.37999037999038004,0.3189225856433417,-0.022448979591836758,0.006448684017048456,-0.7254853968428159
2,209,363,14,11.9,0.2713085234093638,0.2672835659216067,0.07346938775510206,0.1333814674548302,-0.047896994104309254
2,209,769,14,13.799999999999999,0.27122153209109734,0.27561736115740104,-0.034693877551020436,-0.019733725664992034,0.06066244111499053
2,210,600,14,4.5,0.4698412698412697,0.4523638813065247,-0.04285714285714285,0.01407873619499496,-0.07864824840635265
2,218,363,14,11.1,0.30630630630630634,0.30242429634606866,-0.002040816326530605,0.06162645461225356,-0.043090310558638656
2,221,644,14,16.5,0.27532467532467536,0.27363255565833844,-0.01836734693877547,-0.19177298439934123,-0.02791997449455952
2,226,644,14,9.7,0.2650957290132548,0.2913520944606622,0.06938775510204079,-0.051192254600800735,0.254686744839852
2,227,580,14,23.1,0.3252937538651824,0.2976366195624809,-0.29387755102040813,-0.46850154680365363,-0.6388798023924052
2,228,215,14,50.4,0.2328514739229025,0.22150520751898103,-0.22908163265306114,-0.2295460608330288,-0.5718518267576425
2,230,650,14,6.8999999999999995,0.16356107660455482,0.26125290755187675,-0.02959183673469387,-0.1212772790601753,0.6740736335365214
2,232,578,14,6.5,0.44175824175824185,0.38048758887134565,-0.023469387755102027,-0.05394453557575781,-0.39825924376482513
2,235,9,14,6.3999999999999995,0.44866071428571425,0.33345640580022134,0.03163265306122452,0.039037984715513514,-0.7373075743071547
2,236,858,14,13.27,0.7671439336850038,0.7776525116333877,-0.4112244897959183,-0.49069463423717924,0.13944882937505376
2,241,93,14,9.6,0.23214285714285715,0.23837631712793847,-0.10000000000000002,-0.12833927757405433,0.05984121585678048
2,241,292,14,25.689999999999998,0.19501751654340208,0.15736086259746856,0.21193877551020407,0.15339089309914306,-0.9673994398710315
2,241,715,14,9.4,0.3768996960486322,0.2916385157946966,-0.008163265306122412,0.05639086399517233,-0.8014550943869949
2,242,136,14,11.4,0.24812030075187966,0.20628488346830431,0.04897959183673467,0.035379523715007036,-0.4769237570327589
2,242,486,14,31.4,0.2616014558689718,0.36863522873179333,0.09285714285714286,0.14850104097801192,3.3608604678925946
2,247,306,14,8.119,0.28733306353702953,0.29098900959785273,-0.02081632653061225,-0.03829685153280171,0.02968262606782357
2,250,494,14,28.300000000000004,0.46188793538616857,0.37386138970574206,-0.12551020408163271,-0.3167327359569829,-2.4911512427560716
2,253,71,14,18.7,0.3162719633307868,0.27845403627836174,0.14489795918367346,0.19674510061163955,-0.7071952358803486
2,263,285,14,8.5,0.3361344537815126,0.20347354309131088,-0.022448979591836764,-0.026177880748396047,-1.1276177408667143
2,285,822,14,8.18,0.35592036325532667,0.3349206671532864,-0.08326530612244899,-0.0915172850125562,-0.17177751411468956
2,300,190,14,19.0,0.19022556390977444,0.24286355040380017,0.027551020408163294,-0.025577323562781782,1.0001217433864888
2,300,635,14,13.38,0.31817211189408495,0.32946849379195486,0.01020408163265316,0.1288227555398242,0.151145589793499
2,300,853,14,14.699999999999998,0.2750242954324587,0.27273291198451044,0.03163265306122452,0.03991886382427891,-0.033683336684839915
2,304,70,14,53.1,0.3007801990852838,0.30912731846248165,-0.4306122448979592,-0.29356282136013245,0.44323203892920304
2,309,38,14,23.299999999999997,0.935009196811772,0.8834973805317422,-0.34387755102040823,-0.4562815931618469,-1.2002253193246943
2,312,666,14,65.5,0.22617230098146127,0.21809385936219253,-0.1683673469387756,-0.16001345790244761,-0.5291379260621021
2,328,292,14,13.399999999999999,0.1985074626865672,0.15933190657780893,-0.031224489795918402,-0.01407283557052775,-0.5249524518573607
2,334,290,14,18.740000000000002,0.23250495502363167,0.28885503318131345,-0.047959183673469366,-0.29130062835173426,1.0560004646749572
2,345,317,14,20.499999999999996,0.2466898954703833,0.17530361331226468,0.05714285714285714,0.08826671602477895,-1.4634187842414317
2,359,90,14,1.0,2.242857142857143,2.827311158872687,0.05612244897959186,0.14118019372789967,0.584454016015544
2,366,387,14,13.999999999999998,0.31530612244897965,0.34764223795251914,-0.052040816326530584,-0.09226471802574229,0.4527056170495527
2,370,796,14,23.4,0.30586080586080594,0.30587898741327796,-0.2622448979591837,-0.4090953440223944,0.0004254483278458565
2,383,822,14,15.5,0.2283870967741935,0.2663305136600616,-0.01816326530612247,-0.214660049091348,0.5881229617309556
2,384,699,14,13.200000000000001,0.33766233766233766,0.32039731694283646,-0.012244897959183645,-0.0648640099590844,-0.22789827349741554
2,389,115,14,8.209999999999999,0.46772228989037773,0.5359130783429206,-0.029591836734693844,-0.10252941273252279,0.5598463731953762
2,391,76,14,18.4,0.31832298136645965,0.3346287079850231,-0.07551020408163264,-0.23926922040933274,0.3000253697815678
2,393,286,14,9.3,0.4890937019969278,0.4921098922068174,0.022857142857142798,0.022345217381475824,0.028050568951973
2,405,19,14,20.999999999999996,0.33333333333333337,0.27637015747334553,-0.0877551020408163,0.00030351332360293144,-1.196226693059744
2,405,486,14,35.9,0.2622363708714683,0.22361427191310226,0.06224489795918374,0.11303708073199166,-1.3865333526053405
2,409,759,14,35.300000000000004,0.21448806151355723,0.16937095167210567,-0.14489795918367346,-0.18313331707453168,-1.5926339774032403
2,417,296,14,16.000000000000004,0.18035714285714288,0.19254825583934704,-0.04081632653061228,-0.134261144840337,0.19505780771526693
2,418,694,14,21.7,0.4825543120473998,0.5028861854093334,0.07653061224489813,-0.3543696357938723,0.4412016519539588
2,419,130,14,6.0,0.5197619047619048,0.5263521420561147,0.0723469387755102,0.1608829070743044,0.03954142376526004
2,422,689,14,7.3,0.38356164383561636,0.41938011897635935,-0.04081632653061224,-0.15312362607613017,0.26147486852742396
2,424,99,14,8.8,0.5535714285714285,0.5013008202020838,0.0010204081632653264,-0.01850527805117755,-0.4599813536502335
2,424,857,14,8.100000000000001,0.5273368606701939,0.5445176063278225,0.09693877551020406,0.23652962804392255,0.1391640398267917
2,427,763,14,9.4,0.6428571428571429,0.5796887542176622,0.11326530612244899,0.14073973755623562,-0.5937828532111187
2,429,737,14,10.5,0.27482993197278915,0.2387121289351135,-0.03673469387755103,-0.02434081011568539,-0.37923693189559415
2,432,71,14,11.600000000000003,0.2832512315270935,0.3316903934643787,0.03469387755102036,-0.002916160338907292,0.5618942784725078
2,434,829,14,6.9,0.44451345755693594,0.38602666114370154,-0.06051020408163268,-0.01555568757435638,-0.4035588952513174
2,438,666,14,16.6,0.18158347676419964,0.20229248371265027,-0.060204081632653055,-0.1721316087969779,0.3437695153442806
2,441,644,14,12.999999999999998,0.2351648351648352,0.2523915538302251,0.11836734693877547,-0.04014188950501405,0.2239473426500691
2,442,90,14,6.299999999999999,0.9365079365079367,0.6947456166238324,-0.015306122448979522,0.07596638031855941,-1.523102615269857
2,444,386,14,16.5,0.28571428571428564,0.24507736984191875,-0.11224489795918365,-0.08283302510373376,-0.670509111894054
2,446,631,14,7.370000000000001,0.33262260127931764,0.33181076288598516,-0.030612244897959235,0.039668478094301185,-0.00598324895886071
2,447,655,14,5.3,0.6307277628032345,0.7485692538714988,-0.03673469387755104,0.034652902041171184,0.6245599026618001
2,454,656,14,7.800000000000001,0.37967032967032954,0.3288730530026892,-0.04418367346938773,0.047932022213519505,-0.39621875800759465
2,455,104,14,30.099999999999998,0.2871381110583769,0.2797903081901416,-0.20306122448979594,-0.24671603861642238,-0.22116886633388155
2,457,369,14,8.010000000000002,0.36632780453005165,0.3347800032430319,0.05857142857142856,0.0754327391528297,-0.25269788830902806
2,465,150,14,4.8999999999999995,0.6151603498542274,0.5059936443487121,0.07040816326530612,0.07497396206942497,-0.5349168569770248
2,467,122,14,15.329999999999998,0.3100363433044451,0.2775177858167649,0.05459183673469387,-0.035044881314108205,-0.498509486286137
2,467,783,14,15.399999999999999,0.35528756957328383,0.32978094518950657,-0.07653061224489795,-0.07407330136481023,-0.3928020155101697
2,470,117,14,35.2,0.24797077922077918,0.283311578230326,0.1051020408163266,0.4980755904526638,1.2439961251360483
2,481,58,14,13.2,0.3116883116883117,0.33906630088027195,0.01836734693877554,0.011061237842787675,0.3613894573338756
2,482,515,14,14.57,0.23472889498970487,0.24387572887659556,-0.06020408163265301,-0.056650226538002606,0.13326936973199732
2,487,422,14,8.9,0.35313001605136435,0.48135176549690045,-1.9825411154020654e-16,0.22809467696593533,1.1411735700652712
2,489,769,14,12.2,0.42154566744730687,0.357132142151529,0.1306122448979592,0.1739561538866554,-0.78584500860849
2,490,554,14,14.299999999999999,0.33066933066933063,0.327961807577972,-0.06428571428571415,0.022230402386124875,-0.03871758020642879
2,493,122,14,17.999999999999996,0.32857142857142857,0.346748579943529,-0.2659183673469388,-0.30069279251068026,0.32718872469780713
2,497,226,14,13.7,0.12440041710114706,0.12065421023097192,-0.031938775510204076,-0.08488016464311753,-0.05132303412139949
2,498,635,14,5.459999999999999,0.3218210361067504,0.3422184940657865,-0.06428571428571427,0.03640755843394212,0.11137012045633732
2,500,93,14,8.5,0.319327731092437,0.35502355038774747,-0.030612244897959186,-0.12815027036963886,0.30341446401013883
2,500,108,14,7.169999999999999,0.460649531779239,0.41809337926991247,0.03265306122448979,0.024849524808043373,-0.30512761349187123
2,508,215,14,46.29,0.2531864333549363,0.2862463977461285,-0.263265306122449,-0.6165973771161036,1.5303457516682855
2,510,600,14,13.499999999999998,0.29735449735449737,0.27537407148789017,-0.06632653061224487,-0.08829813146528269,-0.29673574919919776
2,511,296,14,13.200000000000003,0.2121212121212121,0.25297695783082164,0.006122448979591839,-0.03838845171211673,0.5392958433668462
2,511,310,14,14.479999999999999,0.34155485398579316,0.30295067058210745,-0.013265306122448972,-0.09911375964012796,-0.558988575685369
2,514,740,14,11.0,0.3207792207792208,0.3025413110059014,0.07040816326530608,0.039746977819528496,-0.200617007506513
2,517,719,14,5.799999999999999,0.33990147783251234,0.26708419915898296,-0.010204081632653076,0.056558350679723826,-0.42234021630647045
2,522,310,14,10.399999999999999,0.19368131868131874,0.22661032221362656,-0.017346938775510197,-0.07428950993541242,0.3424616367360014
2,522,631,14,10.0,0.20714285714285713,0.19176210139349537,-0.0071428571428571175,-0.053778715459536434,-0.15380755749361752
2,526,67,14,6.19,0.3295638126009693,0.31654661656007277,0.008775510204081636,0.007941154964069679,-0.08057644349314952
2,538,191,14,19.8,0.4805194805194804,0.4689730264205327,0.02040816326530605,0.22287784014156703,-0.22861979115916498
2,542,740,14,5.099999999999999,0.4789915966386556,0.608652670478951,0.06632653061224487,0.21509588892283374,0.6612714765855063
2,545,757,14,6.699999999999999,0.8763326226012793,0.8953192212725369,-0.09081632653061221,-0.13291377646011754,0.12721021109742559
2,546,387,14,5.899999999999999,0.5278450363196128,0.48905643042770763,-0.04693877551020408,0.0135696995519517,-0.22885277476223997
2,549,824,14,6.5,0.7516483516483518,0.7602347389966657,-0.042857142857142864,0.029510778132477006,0.05581151776404081
2,554,345,14,8.34,0.2524837273038712,0.2987954668594882,0.07244897959183674,0.08750179057797502,0.38623990789384566
2,571,670,14,7.3,0.2035225048923679,0.35785619422245624,-0.06326530612244899,-0.18659644413028076,1.126635932109645
2,598,600,14,7.7,0.3562152133580705,0.34467589757810907,-0.07755102040816331,-0.16764051929252988,-0.08885273150570283
2,605,290,14,14.909999999999998,0.2850435949027499,0.3516289456579146,0.17438775510204088,0.3364488770493302,0.992787579759506
2,606,190,14,9.2,0.34472049689441,0.399926200790967,0.08367346938775509,0.11245131050752921,0.5078924758483248
2,610,775,14,13.300000000000002,0.44360902255639084,0.48354649582879883,-0.14183673469387753,-0.16892069540538998,0.5311683945230259
2,611,343,14,5.9,0.4794188861985472,0.47551897658812414,0.010612244897959148,-0.046694455240936905,-0.023009466701496173
2,625,810,14,13.36,0.31864841745081274,0.30729803965053565,-0.002040816326530589,-0.03289294407353443,-0.1516410474117018
2,648,629,14,17.199999999999996,0.2516611295681064,0.21633530307512716,0.0051020408163265285,-0.04381560443029343,-0.6076042156792418
2,650,666,14,18.3,0.3263075722092115,0.29886700427747226,0.06530612244897967,0.08203217027985141,-0.5021623931508294
2,654,115,14,4.669999999999999,0.569899051697767,0.5147238181451491,0.007448979591836713,0.02824441195891564,-0.25766834069072564
2,654,634,14,7.099999999999999,0.31388329979879276,0.3298771595338025,-0.030612244897959183,-0.08171711582769733,0.11355640411856882
2,656,381,14,15.0,0.6333333333333333,0.5569515213381008,-0.025510204081632563,-0.07723361552178697,-1.145727179928489
2,662,503,14,12.000000000000002,0.5404761904761904,0.4955575742390528,-0.04693877551020409,0.04952979345851629,-0.5390233948456515
2,662,864,14,12.47,0.8326268759308053,0.7081731667469385,0.3742857142857143,0.1041927790852928,-1.551937753522818
2,667,4,14,44.099999999999994,0.577259475218659,0.43373859907723217,0.31020408163265284,0.6982402251132155,-6.32927063783692
2,669,381,14,10.300000000000002,0.22052704576976415,0.39569213008036974,0.05204081632653052,0.22063695742724,1.804200368399238
2,674,45,14,4.2700000000000005,0.6042154566744731,0.6287827062576885,0.0210204081632653,0.069812060623819,0.10490215572032957
2,677,45,14,4.1,0.6341463414634146,0.8498450480642786,0.04489795918367347,0.17700049446129543,0.8843646970635426
2,684,215,14,27.6,0.19772256728778467,0.21160893180963583,-0.27142857142857146,-0.28574423746222566,0.3832636608030917
2,691,580,14,23.400000000000002,0.37912087912087905,0.2975698372747011,-0.286734693877551,-0.12154833880361862,-1.908294379200564
2,695,207,14,6.2,0.38018433179723504,0.43940646900993185,-0.039795918367346916,-0.09050409435799109,0.3671772507187203
2,699,74,14,7.7,0.38534322820037104,0.3234642235193583,-0.0070408163265305935,0.025475389414857965,-0.47646833604379824
2,700,447,14,12.1,0.35064935064935066,0.36092719869243856,0.0026530612244898355,0.13597070572015682,0.12436196132136335
2,701,309,14,21.599999999999998,0.6461640211640213,0.5975453345908848,-0.2336734693877551,0.0013625570251617005,-1.0501636299797479
2,707,631,14,9.399999999999999,0.2325227963525836,0.27345856334089774,-0.011224489795918335,0.08396647880733847,0.38479620969015293
2,721,177,14,9.700000000000001,0.32106038291605304,0.3422985903540655,-0.0448979591836735,-0.1681755413449342,0.20601061214872107
2,721,205,14,10.1,0.4045261669024046,0.3518208261772574,-0.08979591836734697,-0.1420750207312873,-0.5323239413239866
2,736,467,14,23.2,0.5929802955665024,0.5234688504281774,0.05816326530612242,-0.10864037945182055,-1.612665527209142
2,736,596,14,20.0,0.30214285714285716,0.2578597967780172,0.21326530612244898,0.15948715068705122,-0.8856612072968
2,741,116,14,9.3,0.29493087557603687,0.4152470628528915,0.0693877551020408,0.24432212457511046,1.118940541674748
2,751,4,14,13.900000000000002,0.8427543679342241,0.5750407245748884,0.1755102040816327,0.25559960648178687,-3.7212196426947672
2,756,256,14,8.120000000000001,0.40007037297677694,0.4464233863691659,0.05693877551020412,-0.03275191153171229,0.3763864687461984
2,772,122,14,24.610000000000003,0.30086492134440124,0.28919844984250065,0.14602040816326523,0.13806403682527935,-0.28711186366177266
2,781,150,14,7.3,0.4109589041095891,0.3816716466878809,0.02857142857142858,-0.0031919276961538123,-0.21379697917846974
2,787,639,14,7.900000000000001,0.32730560578661844,0.343852348053392,-0.0663265306122449,-0.079031073445487,0.13071926390751143
2,792,339,14,7.85,0.46242038216560505,0.4272095843102449,0.10642857142857143,0.05167781495872876,-0.2764047631645772
2,797,402,14,6.74,0.4968206867316659,0.45687096356371754,0.0775510204081633,0.15602558070510247,-0.26926113415197195
2,798,309,14,6.8999999999999995,1.163561076604555,1.1382437156743908,0.07346938775510202,0.33598657403620535,-0.17468979041813348
2,806,6,14,15.0,0.5866666666666667,0.4911448350303575,0.046938775510204,0.03744032244725052,-1.4328274745446379
2,815,793,14,9.200000000000001,0.30434782608695654,0.3084901282450656,-0.07346938775510203,-0.08569208202690468,0.0381091798546036
2,817,254,14,15.600000000000001,0.2354395604395604,0.2691549750068044,-0.03785714285714293,0.2199416036095925,0.5259604672490061
2,851,806,14,5.3,0.4123989218328842,0.3830010068879545,-0.013265306122448976,0.008086960366187291,-0.15580894920812716
2,861,50,14,8.658999999999999,0.6637520003959547,0.5913451509431297,-0.04,0.033818852033687286,-0.6269709094120124
2,869,740,14,9.000000000000002,0.2492063492063491,0.27646366960739405,-0.03163265306122447,0.08522765779469313,0.24531588360940448
2,870,672,14,4.840000000000001,0.3789846517119243,0.33507443505066503,0.02244897959183671,0.010028140229292274,-0.21252544864049483
2,872,19,14,22.4,0.29783163265306123,0.3072530831772087,0.08061224489795911,0.09135288191982197,0.2110404917409019
2,877,207,14,10.8,0.414021164021164,0.3608054643376769,0.013265306122448988,0.03222978632222058,-0.5747295565816608
2,881,763,14,6.2700000000000005,0.5333789017999544,0.6167651265265728,0.14173469387755103,0.20481478371820014,0.5228316290358972
2,882,215,14,38.00000000000001,0.19473684210526318,0.4033913030680886,0.32653061224489804,1.0209309239079547,7.928869516587369
2,883,207,14,9.700000000000001,0.42268041237113413,0.3998068704997966,0.09693877551020405,0.11070656459270477,-0.22187335615197412
2,885,58,14,9.82,0.1933372126854815,0.16630464582661184,-0.04316326530612245,-0.0677214715659285,-0.2654598065541003
2,890,783,14,21.9,0.3137638617090672,0.37269216979201725,-0.16428571428571434,-0.4152755901536781,1.290529947016605
2,894,683,14,9.0,0.3158730158730159,0.2924003962350007,-0.03979591836734697,-0.04624465507152692,-0.2112535767421373
3,0,631,14,8.0,0.4692857142857142,0.41119820544967844,-0.04571428571428571,0.004051516285589156,-0.464700070688286
3,3,426,14,10.3,0.2926490984743412,0.30012547784928795,0.013265306122448932,0.10241396987841954,0.07700670756195205
3,18,634,14,13.599999999999998,0.16806722689075634,0.19558323768770355,-0.05102040816326531,-0.0644196073923929,0.37421774683848197
3,20,588,14,10.3,0.3037447988904299,0.29723456562964967,-0.11326530612244894,-0.1246988375001598,-0.06705540258603637
3,29,858,14,4.699999999999999,1.507598784194529,1.0105663821234108,0.43265306122448977,0.2850989134777477,-2.3360522897342557
3,39,393,14,7.0,0.36122448979591837,0.31497809448022446,-0.005102040816326548,-0.021766399117307194,-0.3237247672098573
3,40,87,14,6.5200000000000005,0.40446976336546875,0.2942166385142484,0.011224489795918394,-0.01647552385332402,-0.7188503740299568
3,41,775,14,35.300000000000004,0.22177256171590454,0.16355584599156447,-0.01632653061224481,-0.11279807265227358,-2.0550500650692047
3,42,272,14,20.200000000000003,0.2115275813295615,0.21169020241012382,-0.10622448979591836,-0.05106479860814033,0.0032849458273584986
3,45,350,14,6.01,0.4763489422391252,0.5099621104370654,-0.0210204081632653,0.1024670204540258,0.2020151408696207
3,49,740,14,9.200000000000001,0.39596273291925455,0.2740132126243016,0.015306122448979572,-0.05944097492336072,-1.1219355867135672
3,56,600,14,19.0,0.43383458646616546,0.440917626877947,-0.25612244897959185,-0.41049536740102566,0.13457776782384911
3,60,379,14,19.9,0.2699210337401292,0.21196938142780564,-0.0020408163265306684,0.12002079400871647,-1.1532378810152393
3,62,129,14,9.3,0.5207373271889401,0.6383506580772544,0.20306122448979594,0.314065418524645,1.0938039772613237
3,72,393,14,4.97,0.3440643863179074,0.3616571968241156,0.0021428571428571525,0.07546662201180114,0.08743626821585493
3,72,580,14,33.699999999999996,0.2467147096227215,0.1912614928160877,0.20612244897959187,-0.13968552260101139,-1.8687734063835588
3,75,434,14,9.600000000000001,0.47172619047619047,0.4089445184146737,-0.05204081632653059,-0.06562371846242009,-0.6027040517905613
3,81,194,14,17.560000000000002,0.4341034819394728,0.39066413821597695,-0.0757142857142857,-0.33288140441108693,-0.7627948757845875
3,81,686,14,8.799999999999999,0.35064935064935066,0.2601486283014531,0.09795918367346935,0.04015429432143881,-0.7964063566614987
3,84,768,14,5.999999999999999,0.8238095238095238,0.9026391596924381,0.08979591836734697,0.13450601747455324,0.4729778152974857
3,88,467,14,13.6,0.6491596638655461,0.6651536588290237,-0.022448979591836664,-0.03339643918575317,0.21751833150329425
3,91,108,14,5.1000000000000005,0.5546218487394957,0.697123812131049,-0.1306122448979592,0.08017615539732038,0.7267600132969219
3,95,12,14,9.3,0.22580645161290322,0.29292265980562293,-0.033673469387755124,-0.12199738286471472,0.6241807361922933
3,100,193,14,9.6,0.14880952380952378,0.16822767725051432,-0.055102040816326525,-0.07563307116097628,0.18641427303350921
3,104,118,14,11.5,0.40496894409937884,0.4021580349414502,-0.010204081632653041,0.05911927851416404,-0.032325455316179585
3,110,666,14,13.8,0.44099378881987567,0.36571116941713094,-0.17346938775510198,-0.236519459158871,-1.038900147757877
3,113,834,14,36.1,0.23941432528690149,0.26205952966359,0.15408163265306124,-0.2907992021546683,0.8174918779984548
3,116,607,14,9.1,0.47943485086342225,0.5462936922766717,-0.1259183673469388,-0.19848165168892434,0.6084154568605697
3,124,222,14,5.6,0.4362244897959183,0.4366896809558209,-0.01938775510204081,0.08760366411693875,0.0026050704954543313
3,124,515,14,16.7,0.2951240376390078,0.2952968483979941,-0.02551020408163261,-0.1592180076523883,0.002885939675071114
3,124,683,14,10.9,0.2857142857142857,0.2664966421230769,-0.02653061224489797,-0.042838376741578414,-0.20947231514417597
3,126,144,14,12.900000000000002,0.2890365448504983,0.33674092715203485,-0.03775510204081632,-0.21569901908143854,0.6153865316898224
3,126,783,14,15.799999999999999,0.35443037974683544,0.3740663017752155,-0.020408163265306145,-0.136646349457227,0.31024756804840514
3,131,94,14,8.3,0.450946643717728,0.4549762378637333,-0.04693877551020409,-0.10545415349973997,0.03344563141184409
3,146,258,14,6.0,0.28571428571428575,0.26649342358236056,-0.00408163265306121,-0.029965872946251335,-0.11532517279155119
3,146,740,14,13.899999999999999,0.2949640287769784,0.2880706997581676,-0.05408163265306125,-0.2133636462806039,-0.09581727336146972
3,149,250,14,5.84,0.24804305283757336,0.2314927796283344,-0.02714285714285714,0.06486047409558474,-0.09665359554195563
3,158,19,14,17.299999999999997,0.3757225433526013,0.32817756022519834,-0.041836734693877595,-0.12003021858733938,-0.822528208104071
3,162,104,14,43.1,0.1882664898906198,0.22168701203911884,-0.09183673469387742,-0.6179425490660823,1.4404245046003084
3,165,117,14,27.700000000000003,0.27333677153171726,0.2915367935788556,-0.3000000000000001,-0.3438979800159581,0.5041406107057309
3,170,650,14,5.699999999999999,0.46115288220551376,0.395722897660303,-0.030612244897959193,0.0074086327447530865,-0.37295091190770124
3,171,79,14,4.2,0.25170068027210885,0.32632297094645124,-0.004081632653061238,0.08416991072295463,0.313413620832238
3,173,806,14,6.999999999999999,0.35510204081632657,0.3017377643052264,-7.93016446160826e-18,0.006892952140613271,-0.3735499355777012
3,174,207,14,16.9,0.23668639053254445,0.2701765230600029,-0.1387755102040817,-0.1959323900271103,0.5659832397140478
3,175,631,14,4.999999999999999,0.46000000000000013,0.48605705469318455,0.0030612244897959156,0.060832633931872944,0.1302852734659221
3,181,41,14,25.8,0.23588039867109634,0.3450131714539218,-0.09183673469387754,-0.4239671921052529,2.8156255377968975
3,182,127,14,20.199999999999996,0.2496463932107497,0.18519640549223695,0.007142857142857205,0.025117617350353536,-1.301889751913957
3,188,41,14,19.3,0.4411547002220576,0.5091775174200305,-0.16938775510204085,-0.3241895262841719,1.3128403719208759
3,188,300,14,113.9,0.1722061959112003,0.1782590505184886,0.35204081632653056,0.10658172558875226,0.6894201397701387
3,188,757,14,7.3999999999999995,0.9478764478764479,0.83137795755733,-0.021428571428571415,0.06963699512231084,-0.8620888283614718
3,190,596,14,16.199999999999996,0.28747795414462085,0.31048604511173233,-0.08571428571428566,-0.03769624547353369,0.3727310736672056
3,196,11,14,15.0,0.21809523809523804,0.2257623613486969,-0.04999999999999998,-0.11898047533669967,0.11500684880188317
3,198,313,14,6.900000000000001,0.1055900621118012,0.1022826920555905,-0.02755102040816326,0.00901160791184301,-0.02282085338785389
3,200,379,14,13.2,0.27272727272727265,0.3259066439837391,0.11836734693877549,0.28713921805362885,0.7019677005853566
3,201,6,14,18.3,0.21155347384855577,0.23321271173011007,-0.13979591836734695,-0.19108991164463981,0.3963640532324435
3,204,77,14,10.1,0.4752475247524752,0.4278725460790049,-0.09387755102040815,-0.0822645222516477,-0.4784872846020507
3,207,122,14,23.39,0.39149819825322174,0.3998473633526184,-0.4324489795918368,-0.6533027433668367,0.1952869716748875
3,209,363,14,10.600000000000001,0.3221024258760108,0.31298194311712046,0.0846938775510204,0.18593062773057298,-0.09667711724423711
3,209,769,14,16.2,0.3209876543209877,0.3213178908341686,-0.08571428571428574,-0.15519984091418237,0.005349831513531633
3,210,600,14,13.299999999999999,0.34049409237379163,0.45805368524251133,-0.2724489795918367,-0.42624209663354634,1.5635425851539715
3,218,363,14,9.0,0.4396825396825398,0.3966060159678934,0.017346938775510214,0.14388419082774145,-0.38768871343181743
3,221,644,14,11.600000000000001,0.29064039408866993,0.31214382985512684,0.0510204081632653,0.16372292291523705,0.24943985489090004
3,226,644,14,8.299999999999999,0.29604130808950085,0.3248360441753654,0.006122448979591811,-0.04368759733677805,0.23899630951267525
3,227,580,14,30.700000000000003,0.1526291298278269,0.21820522638722462,-0.163265306122449,-0.4371836016423773,2.0131861643735105
3,228,215,14,58.5,0.2676434676434677,0.25230785711198106,0.19999999999999998,0.269272887391425,-0.8971332160919676
3,230,650,14,7.0,0.8020408163265308,0.7074803020246697,0.00714285714285715,-0.08061294239365166,-0.6619236001130275
3,232,578,14,7.599999999999999,0.3251879699248121,0.33552454382037833,-0.02959183673469389,-0.09270666319052183,0.07855796160630346
3,235,9,14,6.899999999999999,0.3229813664596274,0.2883070310027564,0.004081632653061273,-0.002303545204608154,-0.23925291465240983
3,236,858,14,2.3,3.1614906832298133,2.668908257485323,0.45408163265306134,0.42770697744312614,-1.1329395792123282
3,241,93,14,9.3,0.3502304147465437,0.33832076637780056,0.032653061224489764,0.02140731398798638,-0.11075972982931104
3,241,292,14,19.900000000000006,0.21615218951902368,0.2035719540956538,0.027857142857142834,0.0383603927020986,-0.25034668492506107
3,241,715,14,9.770000000000001,0.47463079397572727,0.3969923282149884,-0.09285714285714282,-0.029971434425742478,-0.7585278104824189
3,242,136,14,14.300000000000002,0.31768231768231764,0.28533760689326987,-0.028571428571428605,-0.1359565538296703,-0.462529364283383
3,242,486,14,27.1,0.2525039536109646,0.285350190723439,-0.07040816326530609,0.04482059484052887,0.8901330257480549
3,247,306,14,7.9,0.49258589511754064,0.4837251892460061,-0.02448979591836734,-0.013643060604302577,-0.06999957638512244
3,250,494,14,28.8,0.3526785714285715,0.32337990310529613,0.015306122448979633,-0.1369218448968437,-0.8438016477103307
3,253,71,14,19.9,0.30078966259870793,0.19979605487030083,-0.08265306122448975,0.01329772141845956,-2.0097727937953014
3,263,285,14,8.6,0.3720930232558139,0.29216822944374904,0.03265306122448984,0.0353939416879939,-0.6873532267837579
3,285,822,14,7.9,0.40687160940325495,0.29520797954904293,0.05408163265306122,0.003227941625238032,-0.8821426758482751
3,300,190,14,12.299999999999999,0.6689895470383277,0.626857787126335,0.27755102040816326,0.42589341183242563,-0.5182206469175092
3,300,635,14,12.799999999999999,0.41629464285714285,0.3698753086531762,-0.017346938775510096,0.07494220176697595,-0.5941674778107737
3,300,853,14,15.18,0.22096743835874272,0.20615995782763227,-0.027755102040816333,-0.005467470274641474,-0.22477755446225656
3,304,70,14,43.199999999999996,0.794973544973545,0.8502396613165435,0.4265306122448981,0.8051160699672357,2.3874962260175323
3,309,38,14,13.600000000000003,1.2394957983193275,1.0715160846157552,0.336734693877551,0.5208610465149429,-2.2845241063685826
3,312,666,14,49.199999999999996,0.35104529616724733,0.3246417651607408,0.1928571428571427,0.7106715795870924,-1.2990537255201247
3,328,292,14,17.1,0.17878028404344196,0.20808526237536992,-0.0816326530612245,-0.21822336852278745,0.5011151294759681
3,334,290,14,15.679999999999998,0.2830721574344024,0.23358750909739323,0.0007142857142857149,0.024491614263546322,-0.7759192859243034
3,345,317,14,20.7,0.19530710835058657,0.13700886674215434,-0.013265306122449012,0.038314939377669104,-1.2067736012945471
3,359,90,14,0.1,5.0,19.49554303932019,0.021428571428571432,0.13099202238171556,1.449554303932019
3,366,387,14,11.8,0.6016949152542372,0.5593923326488734,0.09285714285714287,0.07609269672469754,-0.499170474743293
3,370,796,14,31.5,0.23492063492063492,0.19885500805672382,-0.05102040816326522,-0.28254042331499307,-1.1360672462131998
3,383,822,14,12.099999999999998,0.7378984651711926,0.7349408470363933,0.23367346938775505,0.1486561122577306,-0.03578717943107179
3,384,699,14,11.9,0.2593037214885955,0.19739554282882493,0.10408163265306124,0.0434228834491424,-0.7367073260512695
3,389,115,14,4.760000000000001,1.0744297719087634,0.930924571277356,0.08367346938775508,0.10957092261367427,-0.6830847550054999
3,391,76,14,17.500000000000004,0.2399999999999999,0.22667471697544286,0.020408163265306194,-0.011152670557276376,-0.23319245292974822
3,393,286,14,13.8,0.4213250517598343,0.46928980612832805,-0.10918367346938782,-0.19625194860020592,0.6619136102852137
3,405,19,14,23.099999999999998,0.45516388373531236,0.39445603812610364,0.17959183673469387,0.14844521099134875,-1.4023512335727215
3,405,486,14,28.099999999999998,0.4204372140315201,0.4079274335188431,0.05204081632653062,0.37704202984074103,-0.35152483240622523
3,409,759,14,29.3,0.24817162359824477,0.2344276869568421,0.041836734693877595,0.1342983475369634,-0.4026973435930987
3,417,296,14,26.1,0.4066776135741652,0.3730071317495911,-0.3948979591836735,-0.5463693142567295,-0.8787995756213842
3,418,694,14,17.299999999999997,0.6052848885218829,0.5601126352935952,0.033673469387755235,0.26768782032876415,-0.781479980849376
3,419,130,14,6.19,0.6007385183475651,0.4969501817077671,-0.004387755102040801,0.053789207195238845,-0.6424498038003499
3,422,689,14,8.7,0.21510673234811167,0.29190731604318026,-0.0255102040816327,-0.15101635810457356,0.6681650781470965
3,424,99,14,7.1000000000000005,0.45875251509054327,0.3926038538349552,-0.002040816326530605,0.036699644686291895,-0.4696554949146754
3,424,857,14,9.500000000000002,0.5278195488721804,0.4837052833537981,0.0010204081632652709,0.08249511904751405,-0.4190855224246324
3,427,763,14,16.59,0.49014035994144484,0.5066406151180156,-0.236734693877551,-0.35725670207153076,0.2737392333793096
3,429,737,14,7.500000000000001,0.52,0.5129871832285199,0.04183673469387754,0.12527434706375737,-0.052596125786100956
3,432,71,14,8.9,0.24558587479935787,0.20872097957353797,0.03775510204081637,0.12736107729020815,-0.328097567509797
3,434,829,14,3.97,0.7096077725800646,0.8684410322337642,0.04653061224489796,0.17373909620759043,0.6305680408251875
3,438,666,14,17.3,0.3435177539223782,0.33858402261882503,-0.08571428571428573,-0.14543329576727565,-0.08535355155146984
3,441,644,14,11.1,0.3655083655083655,0.36040229043636113,-0.11632653061224489,-0.055556013441185895,-0.05667743329924857
3,442,90,14,3.3000000000000003,1.5151515151515154,1.4409956588533788,0.0571428571428572,0.09737511145313575,-0.24471432578385066
3,444,386,14,15.100000000000001,0.21286660359508047,0.1777309418925379,0.03775510204081633,0.07738375344292354,-0.5305484917083927
3,446,631,14,8.5,0.3915966386554622,0.3217464300058097,-0.013265306122449031,-0.03570838551724194,-0.5937267735220462
3,447,655,14,6.2,0.4308755760368663,0.3970629929144342,-0.015306122448979565,-0.0436416502904976,-0.20963801535907933
3,454,656,14,7.199999999999999,0.27976190476190477,0.25546968463909897,-0.007142857142857133,0.048298897416850374,-0.17490398488420178
3,455,104,14,37.300000000000004,0.26464955955572583,0.26331063236063923,-0.24795918367346942,-0.3567106066111968,-0.04994198437672992
3,457,369,14,6.999999999999999,0.3377551020408163,0.32236593228741495,0.010714285714285732,0.059865036492000555,-0.10772418827380958
3,465,150,14,5.0,0.6371428571428572,0.5484767732435074,-0.05204081632653061,0.019242786867762315,-0.4433304194967489
3,467,122,14,22.270000000000003,0.2717300660722304,0.3327567686735258,-0.26653061224489794,-0.41392980145671265,1.3590646669308493
3,467,783,14,17.599999999999998,0.336038961038961,0.3864181132542239,-0.06326530612244897,-0.1082166160726802,0.8866730789886264
3,470,117,14,42.199999999999996,0.2755585646580908,0.27568235502428917,-0.16734693877551007,-0.36137786086074464,0.00522395345357296
3,481,58,14,9.04,0.3663084702907712,0.46199548301955085,0.05081632653061222,0.18436304917363386,0.8650105950681679
3,482,515,14,14.2,0.39235412474849096,0.3559705898771113,0.018367346938775484,0.014848461367059957,-0.5166461951735917
3,487,422,14,9.400000000000002,0.24620060790273549,0.2833882434648977,-0.008163265306122654,0.11716437459181993,0.34956377428432495
3,489,769,14,12.700000000000001,0.24521934758155225,0.23875815530568084,-0.05918367346938776,0.045974729741439666,-0.08205714190356694
3,490,554,14,12.3,0.4390243902439025,0.4337158318180344,0.12040816326530623,0.17054069066648805,-0.06529526863817736
3,493,122,14,38.900000000000006,0.28057289753947845,0.3417809857955681,-0.4510204081632652,-0.8910239958761783,2.3809946331618885
3,497,226,14,16.23,0.12410879324003166,0.18841118517963995,-0.07673469387755101,-0.2009994540027004,1.0436278211798427
3,498,635,14,7.800000000000002,0.3663003663003662,0.3546475278780031,-0.0693877551020408,-0.12842629305130143,-0.09089213969443266
3,500,93,14,7.500000000000002,0.2952380952380952,0.28287283998667806,0.013265306122448984,-0.04004260150845295,-0.09273941438562838
3,500,108,14,4.2,0.8231292517006802,0.8938807798278777,0.06938775510204084,0.17775942500242198,0.29715641813422966
3,508,215,14,65.9,0.12703230002167784,0.15484951663046936,-0.29387755102040813,-0.2655072196524432,1.8331545745193623
3,510,600,14,33.3,0.3376233376233377,0.4801007359152207,-0.6173469387755103,-1.0220966546203412,4.744497363119704
3,511,296,14,12.370000000000001,0.23490010393809913,0.2247600410699309,-0.00714285714285715,0.02005531439560052,-0.12543257767924132
3,511,310,14,19.77,0.24192499458053324,0.27114799672611223,-0.14795918367346944,-0.3505222732703994,0.5777387524180968
3,514,740,14,11.799999999999999,0.314769975786925,0.22805064646857148,-0.034693877551020394,-0.04900166015663337,-1.0232880859565716
3,517,719,14,5.199999999999999,0.39835164835164844,0.2680151994432656,0.019387755102040816,0.07937900170616549,-0.6777495343235909
3,522,310,14,12.719999999999997,0.2601078167115904,0.2955158118958465,-0.05510204081632651,-0.1419350727025841,0.4503896987437379
3,522,631,14,7.709999999999999,0.3246247915508616,0.3471162403886173,0.03938775510204083,0.07770862536658577,0.1734090705390967
3,526,67,14,7.800000000000001,0.44505494505494503,0.4848887531815024,-0.15469387755102043,-0.11097182493484285,0.31070370338714737
3,538,191,14,13.1,0.7753544165757906,0.8982327671667348,0.03979591836734696,0.4030628963334441,1.6097063927413693
3,542,740,14,8.3,0.42512908777969016,0.39508580886486266,-0.12755102040816327,-0.06950798573259065,-0.2493592149930679
3,545,757,14,14.100000000000001,0.5572441742654508,0.6204799780315945,-0.1204081632653061,-0.3516735844504489,0.8916248331026262
3,546,387,14,9.399999999999999,0.3206686930091186,0.2766790674998358,0.013265306122448988,-0.07164430350295456,-0.4135024797872582
3,549,824,14,8.1,0.39858906525573207,0.3995051437273298,0.048979591836734684,-0.02242981267796986,0.007420235619941984
3,554,345,14,6.870000000000001,0.3322936161364108,0.3751942651679073,2.3790493384824782e-17,0.07676915740942405,0.2947274588463813
3,571,670,14,5.8,0.43349753694581283,0.3537885457168541,0.02653061224489795,-0.009417638290736682,-0.4623121491279605
3,598,600,14,13.8,0.3509316770186334,0.3962462601019161,-0.22142857142857136,-0.36945104515005234,0.6253412465493007
3,605,290,14,16.15,0.30190181335692173,0.24046451162681715,-0.06438775510204083,0.052612592138877305,-0.992212422941189
3,606,190,14,8.7,0.523809523809524,0.4174524835349507,0.009183673469387739,0.058813373489510754,-0.925306250388787
3,610,775,14,14.9,0.4803451581975073,0.5097012070689094,0.17040816326530614,-0.05604038555041133,0.437405128183892
3,611,343,14,4.07,0.6191646191646192,0.5342329096133784,0.03265306122448979,0.07695801181914856,-0.3456720578735495
3,625,810,14,22.159999999999997,0.3499226405363589,0.4025795469696334,-0.040000000000000015,-0.4684671074469878,1.1668770465613623
3,648,629,14,14.5,0.28571428571428575,0.32594196078349613,0.07142857142857134,0.16471733619793336,0.5833012885035505
3,650,666,14,15.700000000000001,0.36851683348498626,0.40404702426993755,0.015306122448979664,0.23916209284347154,0.5578239953237354
3,654,115,14,5.9,0.6869249394673123,0.6814721020428005,-0.08602040816326537,-0.0505805372550545,-0.032171740804619375
3,654,634,14,7.3999999999999995,0.3339768339768339,0.3482609627588975,-0.0010204081632652986,-0.07345443235246028,0.1057025529872706
3,656,381,14,10.899999999999999,0.5098296199213631,0.632075964221693,0.1377551020408164,0.20036868950293932,1.3324851528735957
3,662,503,14,13.169999999999998,0.4908341468705935,0.3567073145634018,-0.019489795918367414,0.055457226688783716,-1.766450381485714
3,662,864,14,24.470000000000002,0.7158619884406562,0.6369642126785421,-0.17938775510204086,-0.6135857876600187,-1.9306285728989323
3,667,4,14,23.3,0.7608828939301043,0.5784856771409944,0.41122448979591836,0.7594612392309601,-4.24985515118626
3,669,381,14,8.999999999999998,0.18888888888888897,0.2084958924456281,0.0010204081632653025,0.08313545592348778,0.17646303201065217
3,674,45,14,3.0,0.7523809523809524,0.880240703446134,-0.004693877551020413,0.10684835680115937,0.3835792531955451
3,677,45,14,3.1,1.018433179723502,1.2595411882165002,0.01326530612244896,0.16647709234074126,0.7474348263282944
3,684,215,14,32.1,0.23631508678237653,0.26186058025049186,0.03775510204081626,0.12739987817033707,0.8200103403265011
3,691,580,14,21.299999999999997,0.26626425217974525,0.1983929857658618,0.28469387755102044,0.18493068648919872,-1.4456579746157168
3,695,207,14,14.4,0.3204365079365079,0.39492371813233285,-0.17448979591836736,-0.3966740174017772,1.072615826819879
3,699,74,14,10.750000000000002,0.20544850498338876,0.2437041325583807,-0.060204081632653096,-0.10416540691492464,0.4112479964311633
3,700,447,14,10.899999999999999,0.4862385321100919,0.5355043880537232,0.025510204081632664,0.12650432477838572,0.536997829785582
3,701,309,14,23.400000000000002,0.8650793650793649,0.737842279402691,0.2091836734693877,0.27383019454184165,-2.977347804834171
3,707,631,14,9.5,0.3157894736842105,0.29259036080375816,-0.014285714285714282,0.016341292830174037,-0.22039157236429752
3,721,177,14,13.999999999999998,0.3316326530612246,0.342070343358015,-0.1928571428571428,-0.27365407222829513,0.14612766415506595
3,721,205,14,9.800000000000002,0.42857142857142855,0.34572848022690217,0.06122448979591837,0.044491961046224264,-0.811860893776359
3,736,467,14,22.700000000000003,0.5959723096286972,0.5608723876067647,-0.11734693877551014,-0.1938734777764278,-0.7967682298978662
3,736,596,14,19.199999999999996,0.29389880952380965,0.255625662835785,-0.09897959183673474,-0.051245083903132045,-0.7348444164100734
3,741,116,14,9.499999999999998,0.37894736842105264,0.2970400116503902,-0.07551020408163266,0.013241043922277993,-0.7781198893212928
3,751,4,14,5.2,0.75,1.129397528153118,0.11530612244897957,0.4194905104568724,1.9728671463962133
3,756,256,14,6.68,0.5064157399486742,0.4769211340559278,-0.03224489795918366,-0.002624405424387573,-0.19702396736354544
3,772,122,14,8.9,1.1985553772070625,1.526560560863488,0.5458163265306123,0.8042845517406986,2.9192461345421883
3,781,150,14,6.300000000000001,0.42857142857142855,0.4192764438055227,-0.0030612244897959156,0.04570111693195727,-0.058558404025206734
3,787,639,14,6.989999999999999,0.4465563049254036,0.4101377543422466,0.12459183673469387,0.08303711472855822,-0.2545656685762676
3,792,339,14,9.700000000000001,0.4039764359351988,0.38164602776140194,-0.07785714285714287,-0.11424115280753909,-0.21660495928582923
3,797,402,14,5.800000000000001,0.4778325123152708,0.4359757874284112,-0.02857142857142857,0.10743087176792344,-0.2427690043437858
3,798,309,14,28.800000000000004,0.6225198412698412,0.772103782976171,-0.7255102040816326,-1.0406715804800315,4.3080175211423
3,806,6,14,19.0,0.2458646616541353,0.28668210995529264,-0.01326530612244898,-0.14368949584772356,0.7755315177219897
3,815,793,14,11.9,0.1752701080432173,0.16463688026236312,0.008163265306122451,-0.06866843187996063,-0.12653541059216478
3,817,254,14,9.799999999999999,0.4183673469387754,0.5855346125504167,0.11326530612244899,0.3459836637174237,1.6382392029940842
3,851,806,14,7.1,0.3058350100603621,0.36202664486623637,-0.05510204081632653,-0.10515545595105195,0.39896060712170733
3,861,50,14,5.999999999999999,0.5642857142857143,0.7368776042857849,0.06448979591836737,0.18048977987137202,1.0355513400004233
3,869,740,14,10.5,0.22993197278911573,0.2428799543346384,-0.02755102040816324,-0.010541886743575432,0.13595380622798814
3,870,672,14,10.76,0.4944237918215614,0.527546745208651,-0.14489795918367346,-0.28636587892747034,0.3564029784450842
3,872,19,14,22.799999999999997,0.4279448621553884,0.3923650430818403,-0.10918367346938775,-0.026692818870627084,-0.8112198748768975
3,877,207,14,15.299999999999999,0.23716153127917838,0.29018193533187603,-0.15306122448979595,-0.2448641833308117,0.8112121820062743
3,881,763,14,7.25,0.5318226600985221,0.5221904742416957,-0.03622448979591834,0.0007458233041844897,-0.06983334746199166
3,882,215,14,45.699999999999996,0.23851203501094095,0.22949473061637488,-0.11530612244897963,-0.003975540602124493,-0.41209081083166943
3,883,207,14,11.299999999999999,0.28065739570164355,0.27514084842232334,-0.09183673469387754,-0.09278550297864319,-0.06233698425631884
3,885,58,14,7.379999999999999,0.3677893921796361,0.32633017030098793,0.045306122448979594,0.08051211550908585,-0.30596905746442316
3,890,783,14,25.9,0.3182570325427468,0.24077102412247856,-0.02142857142857137,-0.22926055606401405,-2.0068876180849475
3,894,683,14,6.9,0.474120082815735,0.46117797374276637,0.009183673469387695,0.0684036771042003,-0.08930055260348313
